<?xml version="1.0" encoding="UTF-8"?>
<project-private xmlns="http://www.netbeans.org/ns/project-private/1">
    <editor-bookmarks xmlns="http://www.netbeans.org/ns/editor-bookmarks/2" lastBookmarkId="0"/>
    <open-files xmlns="http://www.netbeans.org/ns/projectui-open-files/2">
        <group>
            <file>file:/D:/BlogAngular/src/java/controller/LoginFilter.java</file>
            <file>file:/D:/BlogAngular/web/view/login.html</file>
            <file>file:/D:/BlogAngular/web/view/noticias.html</file>
            <file>file:/D:/BlogAngular/src/java/controller/LoginController.java</file>
            <file>file:/D:/BlogAngular/web/WEB-INF/web.xml</file>
        </group>
    </open-files>
</project-private>
